author,comment,likes,date,clean_comment,sentiment
@FasBeam,"Get quick and easy personal loan for vacations, renovations, rent, etc. with PayMe - Download the PayMe App Now - <a href=""https://paymeindia.onelink.me/ZBzZ/24pi9lb3"">https://paymeindia.onelink.me/ZBzZ/24pi9lb3</a>",34,2023-03-25T06:01:49Z,get quick easy personal loan vacations renovations rent etc payme download payme app href,Positive
@kl2515,XUV 400 real world range is 150km to 200km in city driving in L mode and fun mode .. waste,0,2024-09-16T14:59:27Z,xuv 400 real world range 150km 200km city driving l mode fun mode waste,Positive
@vratnajoshi130,NMC is new chemistry. LFP is old chemistry.,0,2024-09-05T11:47:28Z,nmc new chemistry lfp old chemistry,Neutral
@Napacarreviews,We actually booked the XUV 400 without taking a test drive  in the end we finely took a test drive and hate it lack on so many features hate the rear space absolutely hate the car.doesn&#39;t look nice,0,2024-05-04T11:38:12Z,actually booked xuv 400 without taking test drive end finely took test drive hate lack many features hate rear space absolutely hate cardoesn39t look nice,Negative
@1SBEEJ1407BEE,"<a href=""https://www.youtube.com/watch?v=qpf6D_GNbu0&amp;t=136"">2:16</a>  YOU HEADLESS CENTER PASSENGER!",0,2024-04-26T02:32:06Z,href headless center passenger,Neutral
@KushGehlot19,"Hello sir , muje Nexon Ev , empowered plus varient 18,50,000 mil rahi ha , nd gaddi dealership pe 4-5 din pahle hi aai ha , Leni chaiye kya ? Meri monthly running 1500-2000 km ha",0,2024-03-16T10:50:11Z,hello sir muje nexon ev empowered plus varient 1850000 mil rahi ha nd gaddi dealership pe 45 din pahle hi aai ha leni chaiye kya meri monthly running 15002000 km ha,Positive
@DeepakJAT0007,"L mode for one pedal driving ?<br>I mean all the automatics and EVs are supposed to be driven by single foot, no ?",1,2024-02-12T10:21:22Z,l mode one pedal driving mean automatics evs supposed driven single foot,Neutral
@MeandTheBoys-09,Am I the only one seeing  the unsymmetrical wheel in mahindra,0,2023-12-17T07:00:55Z,one seeing unsymmetrical wheel mahindra,Neutral
@dharmafollower3569,Am now in 2023 November going to buy mahindra xuv 400,0,2023-11-17T04:37:10Z,2023 november going buy mahindra xuv 400,Neutral
@dharmafollower3569,Lol. This is tata supporting channel. Look wise Mahindra is crazy.,0,2023-11-17T04:17:39Z,lol tata supporting channel look wise mahindra crazy,Positive
@sarthaksahil1,Are hindi bhe bol liya kar,0,2023-10-07T06:02:58Z,hindi bhe bol liya kar,Neutral
@PardeepSingh-kx8dp,All fake review this time.. i don&#39;t know why... so guys just drive mahindra 400 just once before you buy nexon ev... you will even forget the power of mini cooper electric. Don&#39;t trust on video here.. go and test drive mahindra ev once before buy anything... then you will all got that why i am saying its fake or paid review.,0,2023-09-30T04:42:12Z,fake review time don39t know guys drive mahindra 400 buy nexon ev even forget power mini cooper electric don39t trust video go test drive mahindra ev buy anything got saying fake paid review,Negative
@cricketffgaming8494,He said thay box car looks better than xuv😂,1,2023-09-22T07:22:43Z,said thay box car looks better xuv,Positive
@sabyasachighosh9385,I have a question for all EV owners - what do you guys do when you drive on first-time trips close to 350 km one-way without a single detour? Do you call the EV stations on the way beforehand? What if it&#39;s a weekend/holiday/festive day and the only EV stations available along the way are clogged and you face huge queues?,0,2023-09-18T22:00:03Z,question ev owners guys drive firsttime trips close 350 km oneway without single detour call ev stations way beforehand it39s weekendholidayfestive day ev stations available along way clogged face huge queues,Positive
@dhyeyapatel1626,Mahindra knew people will buy there car as there brand value is much higher after launch of scorpion n and xuv 700.,0,2023-09-09T10:57:06Z,mahindra knew people buy car brand value much higher launch scorpion n xuv 700,Positive
@AnanyaAnu-ze7ok,We can make camper with Xuv 400 flat roof also spacious inside..,0,2023-08-14T07:21:06Z,make camper xuv 400 flat roof also spacious inside,Neutral
@PGP-prabhakar,Nexon ev max is the best of best always. I own one and driven 21000 km so far . Absolutely happy owning Tata . To the Core nexon lover .,2,2023-07-27T16:01:59Z,nexon ev max best best always one driven 21000 km far absolutely happy owning tata core nexon lover,Positive
@myentertainment700,Nice explained👍,0,2023-07-21T19:14:15Z,nice explained,Positive
@KAMALIKATIWARI,Nexon,1,2023-07-20T15:05:34Z,nexon,Neutral
@Pankaj-sindwani,Mahindra is offering 1.3 lakh discount on Xuv 400 right now,1,2023-07-11T18:44:38Z,mahindra offering 13 lakh discount xuv 400 right,Neutral
@thetechyfy,16000 is not that much in 20+ lakh cars.,0,2023-07-11T01:48:46Z,16000 much 20 lakh cars,Neutral
@gamerbot763,"<a href=""https://www.youtube.com/watch?v=qpf6D_GNbu0&amp;t=174"">2:54</a> 🤣🤣 that voice is like a girl screeming",0,2023-07-10T04:29:34Z,href voice like girl screeming,Positive
@santoshlohar3234,Is Nexon ev max xm variant available....? My nearest tata dealership didn&#39;t accept my order for the same. According to them Nexon ev max XM variant is not in production.... Kindly help,0,2023-07-09T16:02:39Z,nexon ev max xm variant available nearest tata dealership didn39t accept order according nexon ev max xm variant production kindly help,Positive
@deepzyadav7142,Hindi nahi aati firangi saale,0,2023-07-06T09:15:01Z,hindi nahi aati firangi saale,Neutral
@soothingmeditationmusic6581,Nexon very ugly rear,0,2023-07-02T10:08:41Z,nexon ugly rear,Negative
@mr.rakeshbhukta99,Tata motors bist India kaa car,1,2023-06-22T07:36:18Z,tata motors bist india kaa car,Neutral
@chirantanshastri1296,Tata has ota updates and adaptable software and range updates... So no issue,2,2023-06-13T11:16:35Z,tata ota updates adaptable software range updates issue,Neutral
@हरी_शरणं,Its time tata increase the length of Nexon as well.,0,2023-06-01T10:43:48Z,time tata increase length nexon well,Positive
@Wich08463,"The advantages in XUV400 which I feel after drive test are<br> <br>1) Space in front, back row and boot space. It feels much bigger, more roomier. It feels value for money for 20L because of 4.2 mtr length of the car.<br>2) No worry of thinking about regenerative braking. It takes care on its own. L or Live mode is very useful for cities. L mode can use all driving modes.<br>3) Feels more powerful even though it is bigger.<br><br>However, it has its downsides as mentioned in this video.",9,2023-05-28T16:17:39Z,advantages xuv400 feel drive test 1 space front back row boot space feels much bigger roomier feels value money 20l 42 mtr length car2 worry thinking regenerative braking takes care l live mode useful cities l mode use driving modes3 feels powerful even though biggerhowever downsides mentioned video,Positive
@506_alaindsouza9,why is thesteeringg on the xuv400 elongated,0,2023-05-27T12:51:06Z,thesteeringg xuv400 elongated,Neutral
@vibhugangwar4397,Arree waahhhhh!!!!,0,2023-05-20T09:31:49Z,arree waahhhhh,Neutral
@demonking5573,I like xuv more,0,2023-05-19T16:13:24Z,like xuv,Positive
@ryuk276,"xuv 400 to hatchbacks in the market: i have 8.71 0-100 acceleration i am the fastest<br>le baleno, i20 having top speed of (180,190kmp/r): what&#39;s the top speed on you?<br>xuv400 left the chat&quot;",1,2023-05-18T10:21:39Z,xuv 400 hatchbacks market 871 0100 acceleration fastestle baleno i20 top speed 180190kmpr what39s top speed youxuv400 left chatquot,Positive
@rohitraj-yq8ig,Tere ko hindi nahi aati hai,0,2023-05-07T16:20:57Z,tere ko hindi nahi aati hai,Neutral
@techtalks5296,insurance costs you more than 50K  for EV,0,2023-05-06T03:27:02Z,insurance costs 50k ev,Neutral
@jagdaamit,Moj aya bro comparison dekhke,0,2023-05-05T18:59:21Z,moj aya bro comparison dekhke,Neutral
@senthiycharm7641,Faisal speak on 1.5x speed😂😂😂😂,0,2023-05-02T14:07:32Z,faisal speak 15x speed,Neutral
@Indianthingz,"Actual review @ <a href=""https://www.youtube.com/watch?v=qpf6D_GNbu0&amp;t=987"">16:27</a>",0,2023-05-01T11:08:01Z,actual review href,Neutral
@sukantpanigrahi76,&quot;Middle Passenger gets a head&quot; 😳😳😳 sus,0,2023-04-28T19:26:15Z,quotmiddle passenger gets headquot sus,Neutral
@akashrawat7127,Supriya : suru me btana tha,0,2023-04-28T12:03:16Z,supriya suru btana tha,Neutral
@jhownwicksus-tt1jy,I have  xuv  400,0,2023-04-28T12:02:31Z,xuv 400,Neutral
@mrdaksh8,भाई तू  इण्डिया में है इंग्लैंड में नही है हिंदी में ही बोल लिया करो ।,0,2023-04-27T14:19:40Z,,Neutral
@crazyelectrode,Mahindra uses a Power train from valeo while tata is self-developed.,0,2023-04-27T09:47:52Z,mahindra uses power train valeo tata selfdeveloped,Neutral
@stemilsteve7857,Bro nexon is bad. And xuv 400 is the best mahindra cars is always good,0,2023-04-26T06:42:07Z,bro nexon bad xuv 400 best mahindra cars always good,Positive
@Sky00566,Xuv all the time,0,2023-04-23T13:07:04Z,xuv time,Neutral
@shanmukhamt8930,"You are so confident on your review &amp; suggestions, I agreed to you for next two years🤞",0,2023-04-22T14:28:59Z,confident review amp suggestions agreed next two years,Positive
@edwinharvey2226,"XUV400 is a crap.even mahindra guys dont recommend it. Mahindra has lost the EV race.. reva, e2o, e-verito.. everything flopped miserably",0,2023-04-18T08:12:54Z,xuv400 crapeven mahindra guys dont recommend mahindra lost ev race reva e2o everito everything flopped miserably,Negative
@pavvu78,what is the source of info that Nexon EV actually uses LFP chemistry for their battery ?? Kindly reply as it will impact my buying decision. Thanks,0,2023-04-15T14:45:43Z,source info nexon ev actually uses lfp chemistry battery kindly reply impact buying decision thanks,Positive
@sikunithin,M using from last 1 yr and covered 42K km. Mumbai to Kerala 2 times. Best value car,0,2023-04-15T12:19:58Z,using last 1 yr covered 42k km mumbai kerala 2 times best value car,Positive
@RadikalyGrafikal,"Never buy a Mahindra EV, their after sales is pathetic to the core. They have sold E2O 10 years ago and E2O plus 6 years ago, both the vehicle owners are suffering bcuz of No service centres in a city like Bangalore, no response from the Management, high spare prices, spare availability is atleast 6 months to 1 year waiting. This issue has been there just after 2 years of their vehicle launch back in 2013, before the end of life of the product the company itself has forgotten their customers.",0,2023-04-14T17:03:21Z,never buy mahindra ev sales pathetic core sold e2o 10 years ago e2o plus 6 years ago vehicle owners suffering bcuz service centres city like bangalore response management high spare prices spare availability atleast 6 months 1 year waiting issue 2 years vehicle launch back 2013 end life product company forgotten customers,Negative
@hemamberk,"Not sure how many years it’s gonna take to reduce the prices of ev. When there is subsidy and 0 life tax , which is saving atleast 2L, but it. Once the Battery tech and all improves you won’t get them, may cost more or less the same. So if u need an ev buy now I think",0,2023-04-14T10:47:35Z,sure many years gonna take reduce prices ev subsidy 0 life tax saving atleast 2l battery tech improves wont get may cost less u need ev buy think,Positive
@ads7506,"EV max face lift should have Altroz racer infotainment screen, and probably ADAS.",1,2023-04-14T07:13:56Z,ev max face lift altroz racer infotainment screen probably adas,Neutral
@sanapung_xoxo,"Best honest truthful review, Tq Faisal 👍👍",0,2023-04-11T13:36:50Z,best honest truthful review tq faisal,Positive
@GopalRajana,Mean while I was looking at ur  tshirt and thinking a diesel is a diesel is a diesel😅 @faisal bhai,0,2023-04-11T07:54:35Z,mean looking ur tshirt thinking diesel diesel diesel faisal bhai,Neutral
@urmilasrisingkid,Memeiest automobile video😂😂🤣🤣,0,2023-04-09T15:43:33Z,memeiest automobile video,Neutral
@ganjamseshavamsikrishna2596,First of all I like tata nexon and second Mahindra 300<br>Any way both are best cars<br>❤,0,2023-04-07T15:54:51Z,first like tata nexon second mahindra 300any way best cars,Positive
@hurtlocker9600,Wait so this isn&#39;t Ev max this is normal ev??😮,0,2023-04-07T09:02:45Z,wait isn39t ev max normal ev,Neutral
@aakashsisodia1,"Its all about how you press the paddle,  if you paddle hard on accelerator surely car wil give lower range<br><br><br>Bt it is genuinely tested by myself nexon ev max is giving 370 km range...<br>Its all about wh/km",0,2023-04-05T18:58:02Z,press paddle paddle hard accelerator surely car wil give lower rangebt genuinely tested nexon ev max giving 370 km rangeits whkm,Positive
@a_raouf96,Power Bank 😂😂,0,2023-04-05T14:12:36Z,power bank,Neutral
@prateekrathore16,I have Nexon <br>It&#39;s best,0,2023-04-05T11:36:11Z,nexon it39s best,Positive
@n-filtered3432,"By far This is the Best comparison of these two EVs on YouTube (Powered by Faisal khan). 🤪🔥<br>Loved your unique and amazing style of presentation especially that Ajay Devgan pose! 😍😍<br>Full of transparency, no paid promotion, no cheating <br>You nailed it Faisal Khan!! 😊❤😊<br>I think no auto journalist would have openly talked about the cars of Tata &amp; Mahindra like u Faisal...Uve clearly hit it out of the park with ur attitude and honest review Faisal...Great job keep the good work as always 🤗",1,2023-04-03T20:29:40Z,far best comparison two evs youtube powered faisal khan loved unique amazing style presentation especially ajay devgan pose full transparency paid promotion cheating nailed faisal khan think auto journalist would openly talked cars tata amp mahindra like u faisaluve clearly hit park ur attitude honest review faisalgreat job keep good work always,Positive
@13deekg,Hi<br>What will be the real range if 5 passengers traveling with full time ac on at 80 kmph on highways.Will this scenario drastically decrease the range from around 300km.Can anybody please let me know the real life experiences.Thank you Faisal and all,0,2023-04-03T12:10:51Z,hiwhat real range 5 passengers traveling full time ac 80 kmph highwayswill scenario drastically decrease range around 300kmcan anybody please let know real life experiencesthank faisal,Positive
@nishantak911,Tundey Kababi :D best lucknowi food ever,0,2023-04-03T04:25:24Z,tundey kababi best lucknowi food ever,Positive
@mak_1802,"<a href=""https://www.youtube.com/watch?v=qpf6D_GNbu0&amp;t=134"">2:14</a> “middle passenger gets a head”<br>Me “hum phast ham phast”",0,2023-04-02T20:50:57Z,hum phast ham phast,Neutral
@ram62836,Xuv400 is scary.,0,2023-04-02T16:24:59Z,xuv400 scary,Negative
@aryunfiltered,NexHoeN<br>Vs<br>Xuv4doubleHoe,1,2023-04-02T15:32:27Z,nexhoenvsxuv4doublehoe,Neutral
@enthusiast9998,Nexon looks xuv’s poop lol,0,2023-04-02T15:21:01Z,nexon looks xuvs poop lol,Positive
@draadi01,Proud owner of Tata Nexon EV max,1,2023-04-02T08:44:55Z,proud owner tata nexon ev max,Positive
@Misbahahsan,Bhai aap log EV BATTERY REPLACEMENT KE BAARE ME KABHI BAAT NAHI KRTE. KI KINNA MEHNGA PADEGA 8-9 LAKH FOR BATTERY REPLACEMENT,0,2023-04-02T07:40:24Z,bhai aap log ev battery replacement ke baare kabhi baat nahi krte ki kinna mehnga padega 89 lakh battery replacement,Neutral
@Misbahahsan,Bhai aap log EV BATTERY REPLACEMENT KE BAARE ME KABHI BAAT NAHI KRTE. KI KINNA MEHNGA PADEGA 8-9 LAKH FOR BATTERY REPLACEMENT,0,2023-04-02T07:40:10Z,bhai aap log ev battery replacement ke baare kabhi baat nahi krte ki kinna mehnga padega 89 lakh battery replacement,Neutral
@AlexAugustinex,Hard to justify XUV400. Nexon EV still the goto Car betweeen the two.,0,2023-04-02T05:42:15Z,hard justify xuv400 nexon ev still goto car betweeen two,Negative
@abhijeetjain4654,"I&#39;m going for mahindra, cuz there center passenger  gets a head also, that to adjustable yr...",0,2023-04-02T02:19:28Z,i39m going mahindra cuz center passenger gets head also adjustable yr,Neutral
@Mr_Pandita,Middle passenger gets a head. 🗿,0,2023-04-01T01:38:09Z,middle passenger gets head,Neutral
@jonjones18,Nexon forever ❤️,1,2023-03-30T18:14:00Z,nexon forever,Neutral
@ididnotgetabetterid,Mahindra be like hold my Battista 🥵🥵🥵🔥🔥🔥,1,2023-03-30T18:06:44Z,mahindra like hold battista,Positive
@tanajimalusaray,"Thank God, Although I was baised towards XUV400, I had purchased EV Max due to urgent requirements. I felt at that time I will regret when XUV 400 comes out, but time is proving otherwise. I GOT LUCKY with my decision in bying EV MAX",5,2023-03-30T09:50:42Z,thank god although baised towards xuv400 purchased ev max due urgent requirements felt time regret xuv 400 comes time proving otherwise got lucky decision bying ev max,Positive
@saurovbora8913,Xuv400 looks sexier  than nexon,0,2023-03-30T09:01:03Z,xuv400 looks sexier nexon,Neutral
@Reddylion,New Nexon adas ev anyday. Upcoming.,1,2023-03-30T07:15:54Z,new nexon adas ev anyday upcoming,Neutral
@bobomelons,XUV400 looks like a trail product ..,0,2023-03-30T06:02:20Z,xuv400 looks like trail product,Positive
@VarunMKmkvarun,Thank you for the review.,0,2023-03-30T03:58:28Z,thank review,Positive
@Yatish2312,Loved the video and detailing of the features. Btw There are Chargezone centers on the way to Nasik.😊,0,2023-03-30T03:35:59Z,loved video detailing features btw chargezone centers way nasik,Positive
@sixstarsuchiang9441,Nexon❤️❤️❤️,0,2023-03-30T01:28:18Z,nexon,Neutral
@agamslounge3365,macan for life,0,2023-03-29T20:35:18Z,macan life,Neutral
@Imran_nazeer,Mahindra giving 100 reasons why to buy nexon,0,2023-03-29T18:39:37Z,mahindra giving 100 reasons buy nexon,Positive
@atulbhogle,I have been getting 320+ range on Nexon EV Max through the cooler months. Summer should be different,0,2023-03-29T18:26:42Z,getting 320 range nexon ev max cooler months summer different,Neutral
@amalalits7123,KAYNES power🔥,0,2023-03-29T18:18:45Z,kaynes power,Neutral
@Prince_of_all_Saiyans,Nexon&#39;s tail light &amp; infotainment display are the only things that makes it look dumb..!!,0,2023-03-29T17:42:49Z,nexon39s tail light amp infotainment display things makes look dumb,Negative
@habindas9863,Good job mahindra.. you worked really hard to prove how good an ev the nexon was ✌️,6,2023-03-29T13:37:46Z,good job mahindra worked really hard prove good ev nexon,Positive
@ADARSH-oc6bg,❤,0,2023-03-29T11:45:55Z,,Neutral
@yup2ube,How many times “THIS” is used?,0,2023-03-29T05:06:37Z,many times used,Neutral
@Thetradeschool_official,Xuv400 = Rocket,0,2023-03-29T03:23:11Z,xuv400 rocket,Neutral
@dikshitkanani6298,I like How you are copying Car wow Channel I love IT,0,2023-03-28T19:50:13Z,like copying car wow channel love,Positive
@abhisheksenani3753,That was a really helpful comparison video. Thank you Faisal Bhai,0,2023-03-28T17:33:09Z,really helpful comparison video thank faisal bhai,Positive
@info3207,"Tata, Nexon is best 💙🔥",2,2023-03-28T16:53:45Z,tata nexon best,Positive
@jasneetsingh6621,The shittiest part of nexon ev max is there is not even a single cupholder in the front part of the car 😂😂 and trust me that wireless charger is the most useless one,2,2023-03-28T16:38:24Z,shittiest part nexon ev max even single cupholder front part car trust wireless charger useless one,Negative
@themusicplayerrjs4055,SIR WHEN YOU WERE STANDING BOTH CARA WERE LOOKING LIKE TOY,0,2023-03-28T12:07:52Z,sir standing cara looking like toy,Positive
@tusharm.m4985,10rupai ki Pepsi Nexon car sexy,0,2023-03-28T11:06:13Z,10rupai ki pepsi nexon car sexy,Positive
@viresh3294,Sir you say Tata is doing a lot by tata charging infra but they should start from there home. What I mean to say is that they should make it mandatory to every outlet and showroom of there to have a charger that will definitely make a huge change in the infra for ev,2,2023-03-28T11:00:12Z,sir say tata lot tata charging infra start home mean say make mandatory every outlet showroom charger definitely make huge change infra ev,Positive
@adarshsaraswat8982,Gaadi ka headliner bahar nikla hua hai.. right rear xuv me… 😒,0,2023-03-28T10:36:54Z,gaadi ka headliner bahar nikla hua hai right rear xuv,Neutral
@belowlinesolutions3180,"Definitely TATA Nexon is the Better car. Mahindra can learn a thing or 2 from Tata, or else Mahindra EV will face the same fate as Mahindra 2wheelers....",0,2023-03-28T10:18:43Z,definitely tata nexon better car mahindra learn thing 2 tata else mahindra ev face fate mahindra 2wheelers,Positive
